{"acc": [0.1333333340783914, 0.08333333482344946, 0.08333333631356557, 0.0833333338300387, 0.0833333340783914, 0.08333333482344946, 0.0833333338300387, 0.08333333631356557, 0.08333333631356557, 0.0833333340783914], "loss": [13.586307271321614, 14.774920717875164, 14.774920845031739, 14.774920781453451, 14.774921162923176, 14.774920717875164, 14.774920781453451, 14.774920845031739, 14.774920845031739, 14.774921162923176], "val_acc": [0.125, 0.125, 0.125, 0.125, 0.125, 0.125, 0.125, 0.125, 0.125, 0.125], "val_loss": [14.103333473205566, 14.103333473205566, 14.103333473205566, 14.103333473205566, 14.103333473205566, 14.103333473205566, 14.103333473205566, 14.103333473205566, 14.103333473205566, 14.103333473205566]}